Degree,Parameters,LogLikelihood,Deviance,ReducedDeviance,PearsonChi2,ReducedChi2,AIC,BIC
1,3,-50845.020550,151.116058,0.007557,151.460786,0.007574,101696.041100,101719.751562
2,6,-50844.874967,150.824892,0.007544,151.164918,0.007561,101701.749933,101749.170858
3,10,-50844.220171,149.515301,0.007480,149.918200,0.007500,101708.440342,101787.475218
4,15,-50843.497073,148.069105,0.007409,148.491392,0.007430,101716.994146,101835.546460
5,21,-50842.980634,147.036226,0.007360,147.457398,0.007381,101727.961267,101893.934506
6,28,-50842.059855,145.194669,0.007270,145.528083,0.007287,101740.119711,101961.417362
