Model_Comparison,D_small,D_large,Delta_Deviance,df_k,p_value,CI_lower,CI_upper,#params_small,#params_large
0_vs_1,37.075382,37.074412,0.000970,2,9.9952e-01,0.0506,7.3778,1,3
1_vs_2,37.074412,36.982665,0.091747,3,9.9281e-01,0.2158,9.3484,3,6
2_vs_3,36.982665,36.960553,0.022112,4,9.9994e-01,0.4844,11.1433,6,10
3_vs_4,36.960553,36.798237,0.162315,5,9.9947e-01,0.8312,12.8325,10,15
4_vs_5,36.798237,36.746503,0.051734,6,1.0000e+00,1.2373,14.4494,15,21
5_vs_6,36.746503,36.591509,0.154995,7,9.9999e-01,1.6899,16.0128,21,28
